Name,Date,Time
shreyas V2,2025-06-25,12:55:54
ramesh v3,2025-06-25,12:55:57
shreyas V2,2025-06-25,12:56:17
shreyas V2,2025-06-25,12:56:25
shreyas V2,2025-06-25,13:02:03
ramesh v3,2025-06-25,13:02:16
shreyas V2,2025-06-25,13:02:26
ramesh v3,2025-06-25,13:12:26
shreyas V2,2025-06-25,13:12:27
shreyas V2,2025-06-25,13:12:46
ramesh v3,2025-06-25,13:12:52
ramesh v3,2025-06-25,13:12:59
shreyas V2,2025-06-25,13:13:02
ramesh v3,2025-06-25,13:13:08
shreyas V2,2025-06-25,13:13:09
ramesh v3,2025-06-25,13:13:14
ramesh v3,2025-06-25,13:13:22
ramesh v3,2025-06-25,13:13:29
shreyas V2,2025-06-25,14:12:30
ramesh v3,2025-06-25,14:13:04
shreyas V2,2025-06-25,15:05:39
ramesh v3,2025-06-25,15:05:41
shreyas V2,2025-06-25,15:06:15
ramesh v3,2025-06-25,15:06:15
ramesh v3,2025-06-25,15:49:30
shreyas V2,2025-06-25,15:49:44
shreyas V2,2025-06-25,16:06:40
ramesh v3,2025-06-25,16:06:46
shreyas,2025-06-25,16:06:49
shreyas V2,2025-06-25,16:07:18
shreyas V2,2025-06-25,16:15:40
ramesh v3,2025-06-25,16:15:42
shreyas,2025-06-25,16:15:43
shreyas V2,2025-06-25,16:18:12
ramesh v3,2025-06-25,16:18:12
shreyas,2025-06-25,16:18:18
ramesh v3,2025-06-25,16:22:48
shreyas V2,2025-06-25,16:22:50
ramesh v3,2025-06-25,16:24:15
shreyas V2,2025-06-25,16:24:16
shreyasmain,2025-06-25,16:31:11
shreyasmain,2025-06-25,16:53:10
shreyasmain,2025-06-25,19:09:33
shreyasmain,2025-06-25,19:10:23
shreyasmain,2025-06-25,20:33:00
shreyasmain,2025-06-25,20:37:44
shreyasmain,2025-06-25,20:52:44
shreyasmain,2025-06-25,21:00:02
shreyasmain,2025-06-25,21:22:45
sh,2025-06-25,21:25:24
sh,2025-06-25,21:26:06
sh,2025-06-25,22:09:57
